role_family,city,experience_min,experience_max,pay_rate,currency,p25,p50,p75,source,effective_from
full stack developer,bangalore,3,6,yearly,INR,1000000,1250000,1550000,DEMO-SEED-NOT-MARKET-DATA,2026-01-01
full stack developer,bangalore,6,10,yearly,INR,1700000,2100000,2600000,DEMO-SEED-NOT-MARKET-DATA,2026-01-01
full stack developer,pune,3,6,yearly,INR,850000,1050000,1300000,DEMO-SEED-NOT-MARKET-DATA,2026-01-01
full stack developer,,3,6,yearly,INR,800000,1000000,1250000,DEMO-SEED-NOT-MARKET-DATA,2026-01-01
frontend developer,bangalore,3,6,yearly,INR,900000,1100000,1400000,DEMO-SEED-NOT-MARKET-DATA,2026-01-01
frontend developer,bangalore,0,3,yearly,INR,450000,600000,780000,DEMO-SEED-NOT-MARKET-DATA,2026-01-01
frontend developer,,3,6,yearly,INR,750000,920000,1150000,DEMO-SEED-NOT-MARKET-DATA,2026-01-01
backend developer,bangalore,3,6,yearly,INR,1000000,1300000,1600000,DEMO-SEED-NOT-MARKET-DATA,2026-01-01
backend developer,,3,6,yearly,INR,820000,1020000,1280000,DEMO-SEED-NOT-MARKET-DATA,2026-01-01
mobile developer,bangalore,3,6,yearly,INR,950000,1200000,1500000,DEMO-SEED-NOT-MARKET-DATA,2026-01-01
mobile developer,,2,5,yearly,INR,700000,880000,1100000,DEMO-SEED-NOT-MARKET-DATA,2026-01-01
qa engineer,bangalore,2,5,yearly,INR,600000,780000,980000,DEMO-SEED-NOT-MARKET-DATA,2026-01-01
qa engineer,,2,5,yearly,INR,520000,660000,840000,DEMO-SEED-NOT-MARKET-DATA,2026-01-01
devops engineer,bangalore,3,6,yearly,INR,1300000,1650000,2050000,DEMO-SEED-NOT-MARKET-DATA,2026-01-01
data analyst,bangalore,2,5,yearly,INR,750000,950000,1200000,DEMO-SEED-NOT-MARKET-DATA,2026-01-01
ui ux designer,bangalore,2,5,yearly,INR,650000,820000,1050000,DEMO-SEED-NOT-MARKET-DATA,2026-01-01
marketing executive,,1,4,yearly,INR,360000,460000,600000,DEMO-SEED-NOT-MARKET-DATA,2026-01-01
delivery executive,udaipur,0,3,monthly,INR,14000,17000,21000,DEMO-SEED-NOT-MARKET-DATA,2026-01-01
delivery executive,,0,3,monthly,INR,13000,16000,20000,DEMO-SEED-NOT-MARKET-DATA,2026-01-01
